<?xml version="1.0" encoding="utf-8"?>
<app type="complex" access="777">
  <version type="unsignedInt" length="4">16</version>
  <os_version type="hexBinary" length="8">000500101000400A</os_version>
  <title_id type="hexBinary" length="8">0005000010176A00</title_id>
  <title_version type="hexBinary" length="2">0010</title_version>
  <sdk_version type="unsignedInt" length="4">21212</sdk_version>
  <app_type type="hexBinary" length="4">80000000</app_type>
  <group_id type="hexBinary" length="4">0000176A</group_id>
  <os_mask type="hexBinary" length="32">0000000000000000000000000000000000000000000000000000000000000000</os_mask>
  <common_id type="hexBinary" length="8">0000000000000000</common_id>
</app>
